Account,Parcel_ID,Owner,Category,Acres,Legal,Mailing,Market_Value,Net_Taxable_Value
00707-01018-00100-000000,14212,OXY USA INC,D1,479.6400,5064  C-3 PSL   SEC 18,"P O BOX 27570 HOUSTON, TX 77046",257580,202100
00707-01007-00103-000000,14202,OXY USA INC,D1,130.7500,5063  C-3 PSL   SEC 7 NE PT,"P O BOX 27570 HOUSTON, TX 77046",89250,81280
00003-04092-00100-000000,4260,OCCIDENTAL WEST TEXAS OVERTHRUST INC,D1,640.5000,6943  3 CCSD & RGNG SEC 92,"5 GREENWAY PLAZA  STE 110 HOUSTON, TX 77046",60690,6340
00003-04023-00100-000000,4192,OCCIDENTAL WEST TEXAS OVERTHRUST INC,D1,640.0000,2362  3 CCSD & RGNG SEC 23,"5 GREENWAY PLAZA  STE 110 HOUSTON, TX 77046",59040,6310
00003-04037-00100-000000,4194,OCCIDENTAL WEST TEXAS OVERTHRUST INC,D1,640.0000,2398  3 CCSD & RGNG SEC 37,"5 GREENWAY PLAZA  STE 110 HOUSTON, TX 77046",58760,6470
00003-04050-00100-000000,4225,OCCIDENTAL WEST TEXAS OVERTHRUST INC,D1,640.0000,7286  3 CCSD & RGNG SEC 50,"5 GREENWAY PLAZA  STE 110 HOUSTON, TX 77046",58760,6470
00003-04036-00100-000000,4193,OCCIDENTAL WEST TEXAS OVERTHRUST INC,D1,640.0000,7281  3 CCSD & RGNG SEC 36,"5 GREENWAY PLAZA  STE 110 HOUSTON, TX 77046",57630,6140
00003-04022-00100-000000,4191,OCCIDENTAL WEST TEXAS OVERTHRUST INC,D1,640.0000,7523  3 CCSD & RGNG SEC 22,"5 GREENWAY PLAZA  STE 110 HOUSTON, TX 77046",55760,6060
00003-04051-00100-000000,4226,OCCIDENTAL WEST TEXAS OVERTHRUST INC,D1,640.0000,2405  3 CCSD & RGNG SEC 51,"5 GREENWAY PLAZA  STE 110 HOUSTON, TX 77046",55760,6060
00003-04121-00100-000000,4280,OCCIDENTAL WEST TEXAS OVERTHRUST INC,D1,641.5000,2513  3 CCSD & RGNG SEC 121,"5 GREENWAY PLAZA  STE 110 HOUSTON, TX 77046",55580,5610
00003-04079-00100-000000,4259,OCCIDENTAL WEST TEXAS OVERTHRUST INC,D1,640.5000,2423  3 CCSD & RGNG SEC 79,"5 GREENWAY PLAZA  STE 110 HOUSTON, TX 77046",54830,5290
00003-04064-00100-000000,4227,OCCIDENTAL WEST TEXAS OVERTHRUST INC,D1,640.0000,7522  3 CCSD & RGNG SEC 64,"5 GREENWAY PLAZA  STE 110 HOUSTON, TX 77046",54560,5780
00003-04078-00100-000000,4258,OCCIDENTAL WEST TEXAS OVERTHRUST INC,D1,640.5000,5664  3 CCSD & RGNG SEC 78,"5 GREENWAY PLAZA  STE 110 HOUSTON, TX 77046",52200,4950
00003-04120-00100-000000,4279,OCCIDENTAL WEST TEXAS OVERTHRUST INC,D1,641.5000,6261  3 CCSD & RGNG SEC 120,"5 GREENWAY PLAZA  STE 110 HOUSTON, TX 77046",51480,5310
00003-04009-00200-000000,4163,OCCIDENTAL WEST TEXAS OVERTHRUST INC,D1,622.7000,2345  3 CCSD & RGNG SEC 9,"5 GREENWAY PLAZA  STE 110 HOUSTON, TX 77046",51250,5270
00003-04106-00100-000000,4277,OCCIDENTAL WEST TEXAS OVERTHRUST INC,D1,640.5000,5669  3 CCSD & RGNG SEC 106,"5 GREENWAY PLAZA  STE 110 HOUSTON, TX 77046",51070,5240
00003-04065-00100-000000,4228,OCCIDENTAL WEST TEXAS OVERTHRUST INC,D1,640.0000,2352  3 CCSD & RGNG SEC 65,"5 GREENWAY PLAZA  STE 110 HOUSTON, TX 77046",50360,5100
00003-04008-00200-000000,4161,OCCIDENTAL WEST TEXAS OVERTHRUST INC,D1,615.3000,6900  3 CCSD &RGNG SEC 8,"5 GREENWAY PLAZA  STE 110 HOUSTON, TX 77046",49720,5130
00003-04093-00100-000000,4261,OCCIDENTAL WEST TEXAS OVERTHRUST INC,D1,640.5000,2418  3 CCSD & RGNG SEC 93,"5 GREENWAY PLAZA  STE 110 HOUSTON, TX 77046",49710,4950
00003-04107-00100-000000,4278,OCCIDENTAL WEST TEXAS OVERTHRUST INC,D1,640.0000,2517  3 CCSD & RGNG SEC 107,"5 GREENWAY PLAZA  STE 110 HOUSTON, TX 77046",49640,4790
00143-00006-00100-000000,10401,OCCIDENTAL PERMIAN LTD,E,523.4551,8680  143 T&STL SEC 6 UND INT,"P O BOX 27711 HOUSTON, TX 77227",42160,42160
00143-00008-00100-000000,10403,OCCIDENTAL PERMIAN LTD,E,490.5807,8678  143 T&STL SEC 8 UND INT,"P O BOX 27711 HOUSTON, TX 77227",41300,41300
00143-00010-00100-000000,10405,OCCIDENTAL PERMIAN LTD,E,552.6807,8679  143 T&STL SEC 10 UND INT,"P O BOX 27711 HOUSTON, TX 77227",38590,38590
00003-04038-00100-000000,4195,OCCIDENTAL WEST TEXAS OVERTHRUST INC,D1,320.7000,7526  3 CCSD & RGNG SEC 38 E/2,"5 GREENWAY PLAZA  STE 110 HOUSTON, TX 77046",26940,2910
00003-04049-00100-000000,4222,OCCIDENTAL WEST TEXAS OVERTHRUST INC,D1,320.7000,2404  3 CCSD & RGNG SEC 49 E/2,"5 GREENWAY PLAZA  STE 110 HOUSTON, TX 77046",26590,2830
00003-04077-00300-000000,4257,OCCIDENTAL WEST TEXAS OVERTHRUST INC,D1,320.7000,2424  3 CCSD & RGNG SEC 77      E/2,"5 GREENWAY PLAZA  STE 110 HOUSTON, TX 77046",26510,2550
00003-04105-00200-000000,4276,OCCIDENTAL WEST TEXAS OVERTHRUST INC,D1,320.7000,2518  3 CCSD & RGNG SEC 105 E/2,"5 GREENWAY PLAZA  STE 110 HOUSTON, TX 77046",25890,2620
00003-04122-00100-000000,4281,OCCIDENTAL WEST TEXAS OVERTHRUST INC,D1,321.1000,5668  3 CCSD & RGNG SEC 122 E/2,"5 GREENWAY PLAZA  STE 110 HOUSTON, TX 77046",25800,2620
00003-04094-00100-000000,4262,OCCIDENTAL WEST TEXAS OVERTHRUST INC,D1,320.9000,7284  3 CCSD & RGNG SEC 94 E/2,"5 GREENWAY PLAZA  STE 110 HOUSTON, TX 77046",25240,2550
00003-04021-00100-000000,4188,OCCIDENTAL WEST TEXAS OVERTHRUST INC,D1,320.7000,2361  3 CCSD & RGNG SEC 21,"5 GREENWAY PLAZA  STE 110 HOUSTON, TX 77046",24390,2380
00003-04066-00100-000000,4229,OCCIDENTAL WEST TEXAS OVERTHRUST INC,D1,320.7000,5663  3 CCSD & RGNG SEC 66 E/2,"5 GREENWAY PLAZA  STE 110 HOUSTON, TX 77046",24210,2340
00011-02026-00100-000000,5921,OCCIDENTAL PERMIAN LTD,E,307.7497,8118  11 H&GN SEC 26 UND INT,"P O BOX 27711 HOUSTON, TX 77227",21650,21650
00003-04010-00200-000000,4165,OCCIDENTAL WEST TEXAS OVERTHRUST INC,D1,223.6000,6901  3 CCSD & RGNG SEC 10 NE PT,"5 GREENWAY PLAZA  STE 110 HOUSTON, TX 77046",17340,1670
00713-00082-00500-000000,15090,OXY USA INC,D1,160.0000,9475  OW CCSD&RGNG SEC 82 SE/4,"P O BOX 27570 HOUSTON, TX 77227",10720,880
00010-02096-00501-000000,5608,OCCIDENTAL PERMIAN LTD,E,64.9997,7095  10 H&GN  SEC 96 UND 65/640 INT,"P O BOX 27711 HOUSTON, TX 77227",6380,6380
00010-02098-00900-000000,39062,OCCIDENTAL PERMIAN LTD,E,64.9997,7097  10  H&GN   SEC 98 UND 65/640 INT,"P O BOX 27711 HOUSTON, TX 77227",6380,6380
00011-02032-00600-000000,5944,OCCIDENTAL PERMIAN LTD,E,80.1600,8698  11 H&GN SEC 32,"P O BOX 27711 HOUSTON, TX 77227",6340,6340
00010-02100-00203-000000,5620,OCCIDENTAL PERMIAN LTD,E,60.0000,8419  10 H&GN  SEC 100 UND 6/64 INT,"P O BOX 27711 HOUSTON, TX 77227",6230,6230
00010-02110-00101-000000,5646,OCCIDENTAL PERMIAN LTD,E,60.0000,8422  10 H&GN  SEC 110 UND 6/64 INT,"P O BOX 27711 HOUSTON, TX 77227",5200,5200
00010-02102-00201-000000,5627,OCCIDENTAL PERMIAN LTD,E,64.9997,7651  10 H&GN SEC 102 UND 65/640 INT,"P O BOX 27711 HOUSTON, TX 77227",4360,4360
00010-02106-00203-000000,5637,OCCIDENTAL PERMIAN LTD,E,60.0000,8420  10 H&GN   SEC 106 UND 6/64 INT,"P O BOX 27711 HOUSTON, TX 77227",4020,4020
00178-00035-01301-000000,11554,OCCIDENTAL PERMIAN LTD,E,40.0000,4342  178 TC SEC 35 SW/4 SW/4,"P O BOX 27711 HOUSTON, TX 77227",3360,3360
00713-00012-01101-000000,14702,OCCIDENTAL PERMIAN LTD,E,40.0000,9302  OW J DONOVAN TR 4-7       SEC 12,"P O BOX 27711 HOUSTON, TX 77227",2410,2410
00010-02108-00101-000000,5641,OCCIDENTAL PERMIAN LTD,E,30.0000,8421  10 H&GN   SEC 108 UND 3/64 INT,"P O BOX 27711 HOUSTON, TX 77227",2010,2010
00713-00012-00201-000000,14690,OCCIDENTAL PERMIAN LTD,E,20.0000,9304  OW J DONOVAN TR 8-11      SEC 12,"P O BOX 27711 HOUSTON, TX 77227",1210,1210
